{
  "label_names": [
    "email",
    "invoice",
    "letter",
    "scientific_report"
  ],
  "num_test": 400,
  "models": [
    {
      "model": "DistilBERT-OCR",
      "accuracy": 0.8825,
      "f1_macro": 0.8828779587290728,
      "per_class_f1": {
        "email": 0.9,
        "invoice": 0.8666666666666667,
        "letter": 0.864321608040201,
        "scientific_report": 0.900523560209424
      },
      "per_class_precision": {
        "email": 0.9,
        "invoice": 0.8272727272727273,
        "letter": 0.8686868686868687,
        "scientific_report": 0.945054945054945
      },
      "per_class_recall": {
        "email": 0.9,
        "invoice": 0.91,
        "letter": 0.86,
        "scientific_report": 0.86
      },
      "confusion_matrix": [
        [
          90,
          5,
          5,
          0
        ],
        [
          5,
          91,
          4,
          0
        ],
        [
          3,
          6,
          86,
          5
        ],
        [
          2,
          8,
          4,
          86
        ]
      ]
    },
    {
      "model": "HOG+SVM",
      "accuracy": 0.715,
      "f1_macro": 0.7127466845067305,
      "per_class_f1": {
        "email": 0.927536231884058,
        "invoice": 0.6526315789473685,
        "letter": 0.6387434554973822,
        "scientific_report": 0.6320754716981132
      },
      "per_class_precision": {
        "email": 0.897196261682243,
        "invoice": 0.6888888888888889,
        "letter": 0.6703296703296703,
        "scientific_report": 0.5982142857142857
      },
      "per_class_recall": {
        "email": 0.96,
        "invoice": 0.62,
        "letter": 0.61,
        "scientific_report": 0.67
      },
      "confusion_matrix": [
        [
          96,
          0,
          2,
          2
        ],
        [
          1,
          62,
          13,
          24
        ],
        [
          3,
          17,
          61,
          19
        ],
        [
          7,
          11,
          15,
          67
        ]
      ]
    },
    {
      "model": "CNN",
      "accuracy": 0.6925,
      "f1_macro": 0.6940841754452053,
      "per_class_f1": {
        "email": 0.9128205128205128,
        "invoice": 0.6082474226804123,
        "letter": 0.6699029126213593,
        "scientific_report": 0.5853658536585366
      },
      "per_class_precision": {
        "email": 0.9368421052631579,
        "invoice": 0.6276595744680851,
        "letter": 0.6509433962264151,
        "scientific_report": 0.5714285714285714
      },
      "per_class_recall": {
        "email": 0.89,
        "invoice": 0.59,
        "letter": 0.69,
        "scientific_report": 0.6
      },
      "confusion_matrix": [
        [
          89,
          2,
          6,
          3
        ],
        [
          3,
          59,
          15,
          23
        ],
        [
          3,
          9,
          69,
          19
        ],
        [
          0,
          24,
          16,
          60
        ]
      ]
    },
    {
      "model": "Stacking",
      "accuracy": 0.6775,
      "f1_macro": 0.6757602812506663,
      "per_class_f1": {
        "email": 0.9108910891089109,
        "invoice": 0.5728643216080402,
        "letter": 0.5942857142857143,
        "scientific_report": 0.625
      },
      "per_class_precision": {
        "email": 0.9019607843137255,
        "invoice": 0.5757575757575758,
        "letter": 0.6933333333333334,
        "scientific_report": 0.5645161290322581
      },
      "per_class_recall": {
        "email": 0.92,
        "invoice": 0.57,
        "letter": 0.52,
        "scientific_report": 0.7
      },
      "confusion_matrix": [
        [
          92,
          1,
          3,
          4
        ],
        [
          1,
          57,
          8,
          34
        ],
        [
          6,
          26,
          52,
          16
        ],
        [
          3,
          15,
          12,
          70
        ]
      ]
    },
    {
      "model": "HOG+RF",
      "accuracy": 0.6625,
      "f1_macro": 0.6611249471292377,
      "per_class_f1": {
        "email": 0.8743718592964824,
        "invoice": 0.6470588235294118,
        "letter": 0.6439024390243903,
        "scientific_report": 0.4791666666666667
      },
      "per_class_precision": {
        "email": 0.8787878787878788,
        "invoice": 0.6346153846153846,
        "letter": 0.6285714285714286,
        "scientific_report": 0.5
      },
      "per_class_recall": {
        "email": 0.87,
        "invoice": 0.66,
        "letter": 0.66,
        "scientific_report": 0.46
      },
      "confusion_matrix": [
        [
          87,
          3,
          8,
          2
        ],
        [
          1,
          66,
          12,
          21
        ],
        [
          3,
          8,
          66,
          23
        ],
        [
          8,
          27,
          19,
          46
        ]
      ]
    },
    {
      "model": "SVD+SVM",
      "accuracy": 0.6125,
      "f1_macro": 0.6097600387760294,
      "per_class_f1": {
        "email": 0.8325358851674641,
        "invoice": 0.5051546391752577,
        "letter": 0.5775401069518716,
        "scientific_report": 0.5238095238095238
      },
      "per_class_precision": {
        "email": 0.7981651376146789,
        "invoice": 0.5212765957446809,
        "letter": 0.6206896551724138,
        "scientific_report": 0.5
      },
      "per_class_recall": {
        "email": 0.87,
        "invoice": 0.49,
        "letter": 0.54,
        "scientific_report": 0.55
      },
      "confusion_matrix": [
        [
          87,
          4,
          3,
          6
        ],
        [
          8,
          49,
          16,
          27
        ],
        [
          3,
          21,
          54,
          22
        ],
        [
          11,
          20,
          14,
          55
        ]
      ]
    }
  ]
}